"Algorithm","Hash","FileName"
"MD5","FFB91FD68B3FD8BB5FBC43047D24720E","D:\github\PasswordResetCrit\CHANGES"
"MD5","14076C73BF679B7A486B25820161BBF4","D:\github\PasswordResetCrit\CODEOWNERS"
"MD5","5AEE97E7BF08737CF5E0E3394DDBD9E3","D:\github\PasswordResetCrit\FileHash.csv"
"MD5","478A3120BE3D5E1A7A8588FFAC5018E9","D:\github\PasswordResetCrit\implementation.md"
"MD5","4EBCFEEBB57FDE397CC61F2C5CFB7E68","D:\github\PasswordResetCrit\PasswordResetCrit.psd1"
"MD5","2F3DB03C6545BE3DDAE81A516C5B207E","D:\github\PasswordResetCrit\PasswordResetCrit.psm1"
"MD5","D4241998236EADE2884A567A1A335EA3","D:\github\PasswordResetCrit\README.md"
"MD5","F284DBCC9C63162499A3CAFE94671BCD","D:\github\PasswordResetCrit\Reset-CritPassword.ps1"
"MD5","A3D4EDFFCB251E9CB6857696C00BD4F7","D:\github\PasswordResetCrit\.vscode\settings.json"
"MD5","D35A88F5190FCE7C2F06738591D1FB2F","D:\github\PasswordResetCrit\CodeSamples\LocalDev-Module\Ford-LocalDev.psd1"
"MD5","414CAB4704810286331254C48F6B6D7D","D:\github\PasswordResetCrit\CodeSamples\LocalDev-Module\Ford-LocalDev.psm1"
"MD5","379797B25D71159BA51931CBD4F8319E","D:\github\PasswordResetCrit\CodeSamples\LocalDev-Module\Functions\Get-LocalDevConfig.ps1"
"MD5","47C78B8FE310B4365A5AFB6D474DFA63","D:\github\PasswordResetCrit\CodeSamples\ModuleandReq\ConfigFile.ini"
"MD5","EFE45647D2564E1864BD47F13FCF8458","D:\github\PasswordResetCrit\CodeSamples\ModuleandReq\ModuleReq.ps1"
"MD5","4042DCC836848C15F7C6DB0CB9337DA3","D:\github\PasswordResetCrit\CodeSamples\ModuleandReq\ModuleReq.psd1"
"MD5","6AD9477B0F3B87812AC571E73D83C87B","D:\github\PasswordResetCrit\CodeSamples\ModuleandReq\ModuleReq.psm1"
"MD5","7943D5E458A08F3F5549294414D11488","D:\github\PasswordResetCrit\CodeSamples\ModuleandReq\functions\Get-ModuleReq.ps1"
"MD5","B22725538BFBB4939DBF6505BC53EF3B","D:\github\PasswordResetCrit\functions\New-SecurePass2.ps1"
